id,numero_vuelo,fecha,hora_salida_programada,llegada_programada,aeronave_id,aerolinea_id,puerta_id,aeropuerto_origen_id,aeropuerto_destino_id,capacidad_pasajeros,tiempo_embarque,resultado,observacion
1,NK913,2025-11-26,2025-11-26 12:45:00,2025-11-26 23:45:00,6,42,72,40,22,150,2025-11-26 12:03:00,ATERRIZADO,
2,SV6788,2025-11-30,2025-11-30 23:00:00,2025-12-01 09:45:00,61,17,73,33,14,240,2025-11-30 22:14:00,ATERRIZADO,
3,AR7802,2025-11-15,2025-11-15 11:30:00,2025-11-16 00:00:00,13,31,,21,8,180,2025-11-15 10:31:00,EN_VUELO,
4,AM9250,2025-11-28,2025-11-28 16:30:00,2025-11-28 20:30:00,84,26,,24,10,200,2025-11-28 15:39:00,PROGRAMADO,
5,U26957,2025-12-05,2025-12-05 14:00:00,2025-12-06 00:00:00,100,37,75,38,4,200,2025-12-05 13:15:00,PROGRAMADO,
6,OS8227,2025-12-06,2025-12-06 10:00:00,2025-12-06 21:15:00,93,12,,46,42,150,2025-12-06 09:15:00,DEMORADO,Mantenimiento preventivo
7,AA9898,2025-11-23,2025-11-23 13:30:00,2025-11-23 17:15:00,119,1,68,2,5,144,2025-11-23 12:43:00,PROGRAMADO,
8,H24828,2025-11-23,2025-11-23 23:00:00,2025-11-24 00:15:00,14,32,38,20,30,240,2025-11-23 22:02:00,EN_VUELO,
9,SN9332,2025-12-04,2025-12-04 08:15:00,2025-12-04 16:15:00,38,46,40,7,21,240,2025-12-04 07:29:00,CANCELADO,Cancelado por razones operacionales
10,SQ8153,2025-11-16,2025-11-16 16:00:00,2025-11-16 19:45:00,60,25,9,20,10,220,2025-11-16 15:13:00,PROGRAMADO,
11,G39706,2025-11-21,2025-11-21 07:45:00,2025-11-21 16:45:00,88,30,45,4,33,144,2025-11-21 06:46:00,DEMORADO,Espera de conexiones
12,EK4045,2025-11-20,2025-11-20 16:15:00,2025-11-21 04:15:00,99,15,,29,13,132,2025-11-20 15:21:00,PROGRAMADO,
13,LX7022,2025-12-02,2025-12-02 10:00:00,2025-12-02 15:45:00,40,11,,40,2,200,2025-12-02 09:03:00,PROGRAMADO,
14,SN1659,2025-11-26,2025-11-26 14:30:00,2025-11-27 00:45:00,38,46,,43,3,240,2025-11-26 13:44:00,ATERRIZADO,
15,KL9395,2025-11-19,2025-11-19 15:30:00,2025-11-19 17:15:00,96,5,14,13,7,150,2025-11-19 14:36:00,EN_VUELO,
16,VS6287,2025-11-21,2025-11-21 14:45:00,2025-11-22 02:30:00,116,44,,15,38,200,2025-11-21 13:46:00,EN_VUELO,
17,AV2315,2025-11-20,2025-11-20 09:45:00,2025-11-20 13:30:00,117,28,53,29,26,180,2025-11-20 08:47:00,EN_VUELO,
18,VS1319,2025-12-04,2025-12-04 17:30:00,2025-12-05 02:15:00,45,44,64,14,15,144,2025-12-04 16:35:00,PROGRAMADO,
19,AZ176,2025-12-04,2025-12-04 22:00:00,2025-12-05 09:00:00,73,10,,7,6,150,2025-12-04 21:05:00,PROGRAMADO,
20,F9770,2025-12-05,2025-12-05 13:45:00,2025-12-05 20:00:00,37,40,,44,15,220,2025-12-05 13:03:00,DEMORADO,Retraso operacional
21,W66219,2025-11-21,2025-11-21 20:00:00,2025-11-22 02:30:00,94,36,21,30,34,150,2025-11-21 19:03:00,PROGRAMADO,
22,H2539,2025-11-28,2025-11-28 10:45:00,2025-11-28 19:15:00,22,32,59,29,11,200,2025-11-28 09:47:00,EN_VUELO,
23,AF2183,2025-11-22,2025-11-22 14:45:00,2025-11-22 16:15:00,118,4,56,37,25,162,2025-11-22 13:46:00,PROGRAMADO,
24,LA5788,2025-11-29,2025-11-29 14:00:00,2025-11-29 20:30:00,16,27,,14,18,220,2025-11-29 13:03:00,EN_VUELO,
25,LA2778,2025-11-20,2025-11-20 18:00:00,2025-11-21 01:45:00,65,27,33,43,22,220,2025-11-20 17:16:00,PROGRAMADO,
26,CM6569,2025-11-22,2025-11-22 12:30:00,2025-11-22 23:45:00,79,29,,29,44,186,2025-11-22 11:47:00,EN_VUELO,
27,BA4429,2025-11-21,2025-11-21 14:45:00,2025-11-21 23:15:00,54,9,13,15,8,144,2025-11-21 13:47:00,CANCELADO,Cancelado por razones operacionales
28,AA1011,2025-11-27,2025-11-27 22:00:00,2025-11-28 04:30:00,20,1,,19,9,180,2025-11-27 21:02:00,PROGRAMADO,
29,LA2861,2025-12-03,2025-12-03 09:45:00,2025-12-03 16:30:00,16,27,,18,43,220,2025-12-03 08:53:00,PROGRAMADO,
30,ET3038,2025-11-30,2025-11-30 21:00:00,2025-12-01 04:15:00,105,18,64,13,38,180,2025-11-30 20:11:00,PROGRAMADO,
31,EY6455,2025-12-03,2025-12-03 09:00:00,2025-12-03 15:45:00,66,16,36,2,22,240,2025-12-03 08:01:00,PROGRAMADO,
32,G31832,2025-11-15,2025-11-15 15:30:00,2025-11-15 21:45:00,88,30,37,2,24,144,2025-11-15 14:32:00,CANCELADO,Cancelado por razones operacionales
33,B6929,2025-11-18,2025-11-18 09:30:00,2025-11-18 20:45:00,85,39,57,18,24,180,2025-11-18 08:34:00,EN_VUELO,
34,W68235,2025-11-15,2025-11-15 17:30:00,2025-11-16 03:00:00,94,36,67,11,29,150,2025-11-15 16:36:00,PROGRAMADO,
35,NZ4983,2025-11-24,2025-11-24 21:30:00,2025-11-25 04:45:00,26,20,42,39,4,162,2025-11-24 20:45:00,EN_VUELO,
36,UA5524,2025-11-15,2025-11-15 13:30:00,2025-11-15 23:45:00,4,3,15,31,38,220,2025-11-15 12:43:00,DEMORADO,Espera de conexiones
37,AR1751,2025-12-04,2025-12-04 13:30:00,2025-12-04 22:00:00,13,31,32,38,24,180,2025-12-04 12:37:00,PROGRAMADO,
38,LH717,2025-12-03,2025-12-03 10:45:00,2025-12-03 17:45:00,32,6,,42,15,180,2025-12-03 09:49:00,PROGRAMADO,
39,OS7152,2025-11-26,2025-11-26 08:45:00,2025-11-26 20:45:00,93,12,19,34,27,150,2025-11-26 07:45:00,PROGRAMADO,
40,AM6119,2025-12-02,2025-12-02 15:00:00,2025-12-03 03:15:00,84,26,67,2,35,200,2025-12-02 14:05:00,PROGRAMADO,
41,UA2842,2025-11-27,2025-11-27 15:00:00,2025-11-27 22:15:00,71,3,32,19,18,186,2025-11-27 14:16:00,PROGRAMADO,
42,AR7418,2025-11-28,2025-11-28 08:45:00,2025-11-28 10:45:00,113,31,72,20,13,220,2025-11-28 07:47:00,CANCELADO,Cancelado por mantenimiento no programado
43,LH3547,2025-12-01,2025-12-01 12:15:00,2025-12-01 23:00:00,32,6,14,11,27,180,2025-12-01 11:27:00,CANCELADO,Cancelado por razones operacionales
44,LO2500,2025-11-17,2025-11-17 22:45:00,2025-11-18 08:45:00,82,48,25,10,5,186,2025-11-17 21:47:00,PROGRAMADO,
45,5Z207,2025-12-06,2025-12-06 11:30:00,2025-12-06 21:00:00,31,33,,11,46,144,2025-12-06 10:46:00,PROGRAMADO,
46,NK3468,2025-11-18,2025-11-18 16:30:00,2025-11-19 05:15:00,36,42,19,13,12,144,2025-11-18 15:30:00,PROGRAMADO,
47,OS5878,2025-12-06,2025-12-06 12:00:00,2025-12-06 13:00:00,93,12,32,43,38,150,2025-12-06 11:20:00,PROGRAMADO,
48,EY6999,2025-11-18,2025-11-18 08:30:00,2025-11-18 15:30:00,66,16,,43,46,240,2025-11-18 07:39:00,PROGRAMADO,
49,TK4331,2025-12-01,2025-12-01 23:00:00,2025-12-02 02:15:00,69,13,32,44,10,186,2025-12-01 22:05:00,PROGRAMADO,
50,U24245,2025-11-18,2025-11-18 06:00:00,2025-11-18 08:30:00,100,37,46,42,35,200,2025-11-18 05:18:00,PROGRAMADO,
51,LA1029,2025-11-20,2025-11-20 11:00:00,2025-11-20 12:30:00,16,27,2,41,25,220,2025-11-20 10:07:00,EN_VUELO,
52,KL3662,2025-12-01,2025-12-01 15:00:00,2025-12-01 19:45:00,5,5,,17,20,240,2025-12-01 14:15:00,PROGRAMADO,
53,G31713,2025-11-27,2025-11-27 18:00:00,2025-11-28 04:15:00,88,30,,6,13,144,2025-11-27 17:18:00,EN_VUELO,
54,W67741,2025-11-25,2025-11-25 12:45:00,2025-11-25 17:45:00,94,36,,33,44,150,2025-11-25 11:47:00,PROGRAMADO,
55,AA1762,2025-11-15,2025-11-15 12:15:00,2025-11-15 19:30:00,52,1,53,43,9,180,2025-11-15 11:18:00,PROGRAMADO,
56,IB623,2025-11-22,2025-11-22 17:15:00,2025-11-23 05:45:00,33,7,53,34,25,144,2025-11-22 16:20:00,PROGRAMADO,
57,DY9721,2025-12-02,2025-12-02 22:00:00,2025-12-03 03:15:00,59,35,29,13,32,132,2025-12-02 21:04:00,EN_VUELO,
58,NH1406,2025-12-05,2025-12-05 23:30:00,2025-12-06 07:45:00,12,22,,13,43,220,2025-12-05 22:48:00,PROGRAMADO,
59,AV4890,2025-11-26,2025-11-26 14:45:00,2025-11-26 23:00:00,117,28,,28,38,180,2025-11-26 14:05:00,DEMORADO,Retraso operacional
60,CX8813,2025-11-17,2025-11-17 15:30:00,2025-11-17 18:30:00,41,24,,42,19,162,2025-11-17 14:31:00,ATERRIZADO,
61,CM6763,2025-11-17,2025-11-17 15:45:00,2025-11-18 00:45:00,107,29,71,42,7,132,2025-11-17 14:49:00,DEMORADO,Retraso por condiciones meteorológicas
62,IB8779,2025-11-17,2025-11-17 15:45:00,2025-11-18 00:45:00,33,7,19,1,28,144,2025-11-17 14:46:00,EN_VUELO,
63,UA9226,2025-11-26,2025-11-26 13:15:00,2025-11-26 16:30:00,4,3,5,23,37,220,2025-11-26 12:20:00,ATERRIZADO,
64,VY7423,2025-11-24,2025-11-24 08:15:00,2025-11-24 19:00:00,58,34,8,5,40,162,2025-11-24 07:25:00,PROGRAMADO,
65,OS3985,2025-11-24,2025-11-24 16:00:00,2025-11-24 20:00:00,64,12,78,27,43,144,2025-11-24 15:04:00,EN_VUELO,
66,VY3814,2025-12-05,2025-12-05 15:00:00,2025-12-05 19:30:00,58,34,59,6,14,162,2025-12-05 14:13:00,EN_VUELO,
67,AA867,2025-11-16,2025-11-16 07:45:00,2025-11-16 09:45:00,52,1,,38,26,180,2025-11-16 06:59:00,DEMORADO,Mantenimiento preventivo
68,CX5522,2025-11-21,2025-11-21 15:45:00,2025-11-21 20:00:00,42,24,19,25,37,186,2025-11-21 14:57:00,CANCELADO,Cancelado por razones operacionales
69,NK6928,2025-11-15,2025-11-15 06:45:00,2025-11-15 16:30:00,78,42,,9,39,162,2025-11-15 05:49:00,PROGRAMADO,
70,VA4630,2025-11-22,2025-11-22 21:30:00,2025-11-23 03:45:00,83,43,63,13,37,186,2025-11-22 20:35:00,PROGRAMADO,
71,UX3374,2025-12-03,2025-12-03 11:00:00,2025-12-03 19:30:00,8,8,,34,3,162,2025-12-03 10:14:00,EN_VUELO,
72,AF7039,2025-12-05,2025-12-05 14:15:00,2025-12-05 23:45:00,111,4,23,24,3,150,2025-12-05 13:19:00,DEMORADO,Mantenimiento preventivo
73,AR2237,2025-11-18,2025-11-18 23:15:00,2025-11-19 03:45:00,13,31,44,19,41,180,2025-11-18 22:33:00,EN_VUELO,
74,TP7265,2025-11-17,2025-11-17 10:30:00,2025-11-17 13:30:00,63,45,10,24,41,240,2025-11-17 09:35:00,DEMORADO,Retraso operacional
75,F98990,2025-11-30,2025-11-30 14:45:00,2025-12-01 01:45:00,109,40,73,43,30,240,2025-11-30 14:03:00,PROGRAMADO,
76,LX6241,2025-12-03,2025-12-03 08:45:00,2025-12-03 13:30:00,40,11,59,30,41,200,2025-12-03 08:02:00,PROGRAMADO,
77,LX2117,2025-11-21,2025-11-21 20:45:00,2025-11-22 00:00:00,40,11,32,26,17,200,2025-11-21 19:59:00,PROGRAMADO,
78,LX3086,2025-11-16,2025-11-16 12:15:00,2025-11-16 17:15:00,77,11,26,20,22,240,2025-11-16 11:22:00,DEMORADO,Mantenimiento preventivo
79,SK7529,2025-11-17,2025-11-17 19:15:00,2025-11-17 20:30:00,89,47,78,13,19,220,2025-11-17 18:35:00,DEMORADO,Retraso operacional
80,NZ9420,2025-11-30,2025-11-30 09:15:00,2025-11-30 21:30:00,26,20,,19,16,162,2025-11-30 08:29:00,EN_VUELO,
81,VY2714,2025-12-04,2025-12-04 22:00:00,2025-12-05 03:15:00,58,34,23,5,12,162,2025-12-04 21:06:00,DEMORADO,Retraso operacional
82,AM1174,2025-11-30,2025-11-30 07:00:00,2025-11-30 14:30:00,84,26,60,22,34,200,2025-11-30 06:14:00,PROGRAMADO,
83,G31406,2025-12-01,2025-12-01 16:30:00,2025-12-02 03:00:00,88,30,28,7,16,144,2025-12-01 15:33:00,DEMORADO,Mantenimiento preventivo
84,5Z9247,2025-11-30,2025-11-30 11:15:00,2025-11-30 19:15:00,31,33,,23,15,144,2025-11-30 10:29:00,EN_VUELO,
85,LX5464,2025-11-30,2025-11-30 17:15:00,2025-12-01 03:30:00,40,11,66,5,31,200,2025-11-30 16:22:00,ATERRIZADO,
86,AV1945,2025-11-16,2025-11-16 17:30:00,2025-11-17 01:15:00,117,28,29,4,30,180,2025-11-16 16:41:00,PROGRAMADO,
87,NK8186,2025-11-16,2025-11-16 14:30:00,2025-11-16 22:30:00,78,42,52,40,7,162,2025-11-16 13:34:00,PROGRAMADO,
88,EK4543,2025-11-25,2025-11-25 09:45:00,2025-11-25 15:30:00,101,15,68,11,19,200,2025-11-25 08:51:00,PROGRAMADO,
89,AV5175,2025-11-26,2025-11-26 12:00:00,2025-11-26 22:00:00,117,28,,21,5,180,2025-11-26 11:06:00,EN_VUELO,
90,FR9440,2025-11-23,2025-11-23 11:30:00,2025-11-24 00:00:00,81,38,2,33,25,132,2025-11-23 10:44:00,PROGRAMADO,
91,5Z5464,2025-11-19,2025-11-19 13:30:00,2025-11-19 16:00:00,112,33,23,11,40,240,2025-11-19 12:39:00,DEMORADO,Mantenimiento preventivo
92,W63007,2025-11-24,2025-11-24 08:45:00,2025-11-24 18:15:00,94,36,61,31,38,150,2025-11-24 07:58:00,PROGRAMADO,
93,AA4671,2025-11-28,2025-11-28 18:15:00,2025-11-29 06:45:00,52,1,40,30,32,180,2025-11-28 17:25:00,DEMORADO,Retraso por condiciones meteorológicas
94,AV1573,2025-12-01,2025-12-01 15:45:00,2025-12-02 02:30:00,117,28,67,5,3,180,2025-12-01 15:00:00,DEMORADO,Retraso operacional
95,SQ5331,2025-11-24,2025-11-24 11:00:00,2025-11-24 17:00:00,60,25,,21,44,220,2025-11-24 10:14:00,PROGRAMADO,
96,SV2639,2025-12-06,2025-12-06 08:45:00,2025-12-06 17:45:00,21,17,26,27,15,186,2025-12-06 07:49:00,PROGRAMADO,
97,LA8692,2025-12-06,2025-12-06 08:45:00,2025-12-06 09:45:00,39,27,,42,14,200,2025-12-06 07:58:00,DEMORADO,Espera de conexiones
98,OS622,2025-11-23,2025-11-23 19:45:00,2025-11-23 22:15:00,64,12,56,11,12,144,2025-11-23 19:03:00,EN_VUELO,
99,SV3842,2025-11-19,2025-11-19 14:30:00,2025-11-19 22:15:00,45,17,61,33,23,144,2025-11-19 13:43:00,DEMORADO,Retraso operacional
100,EY3343,2025-11-24,2025-11-24 11:15:00,2025-11-24 12:45:00,34,16,36,16,12,186,2025-11-24 10:21:00,PROGRAMADO,
101,VA6691,2025-11-24,2025-11-24 07:45:00,2025-11-24 19:15:00,11,43,2,11,36,186,2025-11-24 07:02:00,EN_VUELO,
102,WS8468,2025-12-03,2025-12-03 17:30:00,2025-12-04 00:45:00,10,41,25,33,7,220,2025-12-03 16:35:00,EN_VUELO,
103,ET963,2025-12-04,2025-12-04 14:45:00,2025-12-05 02:45:00,91,18,,13,40,240,2025-12-04 13:47:00,DEMORADO,Mantenimiento preventivo
104,TP227,2025-11-17,2025-11-17 08:45:00,2025-11-17 15:45:00,63,45,44,8,41,240,2025-11-17 07:46:00,PROGRAMADO,
105,TK9216,2025-11-22,2025-11-22 23:00:00,2025-11-23 01:00:00,44,13,,23,46,150,2025-11-22 22:17:00,PROGRAMADO,
106,AR2228,2025-11-22,2025-11-22 06:30:00,2025-11-22 18:30:00,13,31,,21,14,180,2025-11-22 05:35:00,EN_VUELO,
107,LO7217,2025-11-20,2025-11-20 23:00:00,2025-11-21 06:45:00,82,48,3,40,43,186,2025-11-20 22:12:00,EN_VUELO,
108,B68043,2025-11-27,2025-11-27 23:15:00,2025-11-28 02:30:00,85,39,80,16,24,180,2025-11-27 22:32:00,EN_VUELO,
109,CX3950,2025-11-29,2025-11-29 14:00:00,2025-11-29 23:00:00,42,24,28,9,8,186,2025-11-29 13:14:00,EN_VUELO,
110,CM7101,2025-11-15,2025-11-15 15:45:00,2025-11-15 21:15:00,79,29,17,30,6,186,2025-11-15 14:54:00,PROGRAMADO,
111,G33222,2025-11-16,2025-11-16 19:30:00,2025-11-17 07:00:00,88,30,47,33,26,144,2025-11-16 18:33:00,DEMORADO,Espera de conexiones
112,QF5209,2025-11-18,2025-11-18 12:15:00,2025-11-18 16:45:00,61,19,,4,37,240,2025-11-18 11:34:00,PROGRAMADO,
113,KE8910,2025-11-22,2025-11-22 20:00:00,2025-11-23 07:45:00,19,23,59,7,43,162,2025-11-22 19:04:00,DEMORADO,Retraso por condiciones meteorológicas
114,SV438,2025-11-28,2025-11-28 15:45:00,2025-11-28 17:30:00,20,17,63,24,1,180,2025-11-28 15:03:00,CANCELADO,Cancelado por razones operacionales
115,AR3238,2025-12-01,2025-12-01 19:00:00,2025-12-02 00:15:00,97,31,,26,41,150,2025-12-01 18:20:00,PROGRAMADO,
116,TK4768,2025-11-30,2025-11-30 19:15:00,2025-11-30 20:45:00,44,13,,6,41,150,2025-11-30 18:17:00,PROGRAMADO,
117,DY325,2025-11-18,2025-11-18 09:45:00,2025-11-18 19:45:00,59,35,52,30,3,132,2025-11-18 08:57:00,PROGRAMADO,
118,SQ9462,2025-11-27,2025-11-27 23:00:00,2025-11-28 09:00:00,60,25,29,9,36,220,2025-11-27 22:19:00,PROGRAMADO,
119,OK4725,2025-12-04,2025-12-04 20:15:00,2025-12-05 01:45:00,31,49,,1,32,144,2025-12-04 19:20:00,PROGRAMADO,
120,LA9710,2025-11-21,2025-11-21 16:45:00,2025-11-21 19:45:00,9,27,78,12,25,240,2025-11-21 15:52:00,DEMORADO,Espera de conexiones
121,NK8285,2025-11-24,2025-11-24 08:00:00,2025-11-24 19:45:00,6,42,,14,24,150,2025-11-24 07:18:00,PROGRAMADO,
122,AV7150,2025-12-04,2025-12-04 17:30:00,2025-12-05 00:15:00,117,28,35,11,32,180,2025-12-04 16:43:00,PROGRAMADO,
123,EY6481,2025-11-19,2025-11-19 16:30:00,2025-11-19 21:30:00,34,16,53,1,32,186,2025-11-19 15:47:00,ATERRIZADO,
124,UX2366,2025-11-21,2025-11-21 18:30:00,2025-11-22 00:30:00,8,8,6,45,5,162,2025-11-21 17:32:00,EN_VUELO,
125,VA2178,2025-11-22,2025-11-22 20:30:00,2025-11-23 03:45:00,83,43,,37,10,186,2025-11-22 19:35:00,EN_VUELO,
126,QF322,2025-12-01,2025-12-01 10:30:00,2025-12-01 16:00:00,61,19,24,33,22,240,2025-12-01 09:31:00,PROGRAMADO,
127,UX4332,2025-12-01,2025-12-01 16:15:00,2025-12-01 23:15:00,8,8,9,19,46,162,2025-12-01 15:30:00,DEMORADO,Retraso por condiciones meteorológicas
128,UA354,2025-11-20,2025-11-20 17:00:00,2025-11-21 00:45:00,4,3,54,17,21,220,2025-11-20 16:06:00,PROGRAMADO,
129,SK8210,2025-11-20,2025-11-20 09:45:00,2025-11-20 17:15:00,89,47,73,30,12,220,2025-11-20 08:47:00,DEMORADO,Mantenimiento preventivo
130,EY5038,2025-12-03,2025-12-03 23:30:00,2025-12-04 02:45:00,34,16,,40,22,186,2025-12-03 22:46:00,EN_VUELO,
131,SK3589,2025-11-25,2025-11-25 18:00:00,2025-11-25 21:30:00,1,47,67,27,22,180,2025-11-25 17:03:00,CANCELADO,Cancelado por razones operacionales
132,EY1846,2025-12-03,2025-12-03 09:15:00,2025-12-03 11:15:00,66,16,,16,11,240,2025-12-03 08:25:00,CANCELADO,Cancelado por mantenimiento no programado
133,ET2275,2025-11-24,2025-11-24 15:00:00,2025-11-24 16:45:00,91,18,22,39,7,240,2025-11-24 14:09:00,EN_VUELO,
134,NZ7538,2025-11-25,2025-11-25 11:30:00,2025-11-25 15:15:00,26,20,33,25,33,162,2025-11-25 10:30:00,EN_VUELO,
135,BA5603,2025-11-30,2025-11-30 11:00:00,2025-11-30 17:15:00,24,9,57,17,39,144,2025-11-30 10:15:00,PROGRAMADO,
136,VY8285,2025-11-27,2025-11-27 18:00:00,2025-11-27 19:15:00,58,34,,17,1,162,2025-11-27 17:09:00,DEMORADO,Retraso por condiciones meteorológicas
137,NH1254,2025-12-03,2025-12-03 12:00:00,2025-12-03 22:15:00,80,22,13,41,14,150,2025-12-03 11:12:00,EN_VUELO,
138,ET9504,2025-11-21,2025-11-21 21:00:00,2025-11-22 01:00:00,91,18,,31,41,240,2025-11-21 20:11:00,PROGRAMADO,
139,G34199,2025-11-30,2025-11-30 15:30:00,2025-11-30 16:45:00,88,30,37,42,30,144,2025-11-30 14:42:00,DEMORADO,Mantenimiento preventivo
140,UA828,2025-11-27,2025-11-27 18:30:00,2025-11-28 02:30:00,4,3,5,25,30,220,2025-11-27 17:43:00,PROGRAMADO,
141,NH9957,2025-11-16,2025-11-16 17:00:00,2025-11-17 03:30:00,12,22,63,30,5,220,2025-11-16 16:15:00,DEMORADO,Retraso operacional
142,EY4635,2025-11-30,2025-11-30 21:15:00,2025-12-01 00:45:00,66,16,,7,40,240,2025-11-30 20:26:00,DEMORADO,Espera de conexiones
143,AF1614,2025-11-30,2025-11-30 20:45:00,2025-11-30 23:00:00,118,4,68,42,36,162,2025-11-30 19:58:00,DEMORADO,Mantenimiento preventivo
144,VY5558,2025-11-27,2025-11-27 15:30:00,2025-11-27 17:15:00,58,34,39,7,32,162,2025-11-27 14:30:00,EN_VUELO,
145,F99503,2025-11-21,2025-11-21 21:15:00,2025-11-22 02:00:00,37,40,4,25,2,220,2025-11-21 20:32:00,PROGRAMADO,
146,DY5072,2025-11-21,2025-11-21 22:00:00,2025-11-22 07:15:00,59,35,65,27,24,132,2025-11-21 21:07:00,PROGRAMADO,
147,FR2906,2025-11-22,2025-11-22 17:00:00,2025-11-23 00:45:00,70,38,,21,41,180,2025-11-22 16:18:00,EN_VUELO,
148,SK7270,2025-12-05,2025-12-05 18:30:00,2025-12-05 22:45:00,1,47,,2,25,180,2025-12-05 17:38:00,EN_VUELO,
149,KL9349,2025-11-23,2025-11-23 11:00:00,2025-11-23 14:45:00,102,5,,20,41,186,2025-11-23 10:04:00,EN_VUELO,
150,AZ2651,2025-11-19,2025-11-19 09:00:00,2025-11-19 12:45:00,102,10,,5,9,186,2025-11-19 08:00:00,PROGRAMADO,
151,ET4177,2025-11-29,2025-11-29 17:15:00,2025-11-30 03:30:00,91,18,38,32,15,240,2025-11-29 16:19:00,PROGRAMADO,
152,CX4120,2025-12-05,2025-12-05 09:30:00,2025-12-05 14:45:00,41,24,32,46,5,162,2025-12-05 08:49:00,PROGRAMADO,
153,H25543,2025-12-03,2025-12-03 20:30:00,2025-12-04 03:15:00,14,32,,24,44,240,2025-12-03 19:46:00,PROGRAMADO,
154,EK4682,2025-11-27,2025-11-27 23:15:00,2025-11-28 10:00:00,99,15,10,34,32,132,2025-11-27 22:32:00,PROGRAMADO,
155,LX8482,2025-12-05,2025-12-05 13:45:00,2025-12-05 20:00:00,40,11,45,38,15,200,2025-12-05 12:57:00,PROGRAMADO,
156,TP8475,2025-11-18,2025-11-18 10:45:00,2025-11-18 18:30:00,63,45,78,28,2,240,2025-11-18 09:50:00,DEMORADO,Retraso por condiciones meteorológicas
157,SN6237,2025-11-17,2025-11-17 16:15:00,2025-11-17 22:00:00,67,46,,21,44,132,2025-11-17 15:25:00,PROGRAMADO,
158,EY469,2025-11-29,2025-11-29 19:15:00,2025-11-29 23:00:00,34,16,35,8,17,186,2025-11-29 18:17:00,EN_VUELO,
159,NH1164,2025-11-16,2025-11-16 17:15:00,2025-11-16 19:00:00,80,22,16,13,37,150,2025-11-16 16:26:00,PROGRAMADO,
160,JL1371,2025-11-16,2025-11-16 07:30:00,2025-11-16 12:00:00,43,21,,38,45,150,2025-11-16 06:33:00,PROGRAMADO,
161,KE3040,2025-12-02,2025-12-02 11:45:00,2025-12-02 20:45:00,19,23,38,39,36,162,2025-12-02 11:04:00,PROGRAMADO,
162,LO3425,2025-11-22,2025-11-22 07:15:00,2025-11-22 15:45:00,82,48,35,30,33,186,2025-11-22 06:32:00,PROGRAMADO,
163,IB233,2025-11-26,2025-11-26 17:45:00,2025-11-27 04:30:00,33,7,,5,11,144,2025-11-26 16:56:00,PROGRAMADO,
164,EY5011,2025-11-18,2025-11-18 20:15:00,2025-11-19 01:30:00,21,16,,8,43,186,2025-11-18 19:16:00,EN_VUELO,
165,W69098,2025-12-03,2025-12-03 20:45:00,2025-12-04 08:15:00,94,36,10,44,25,150,2025-12-03 20:04:00,EN_VUELO,
166,F95563,2025-11-28,2025-11-28 20:00:00,2025-11-29 04:15:00,37,40,38,42,20,220,2025-11-28 19:04:00,PROGRAMADO,
167,DL5567,2025-11-18,2025-11-18 16:30:00,2025-11-19 00:15:00,48,2,54,31,45,200,2025-11-18 15:30:00,EN_VUELO,
168,SK7086,2025-11-16,2025-11-16 17:45:00,2025-11-16 19:30:00,89,47,33,7,32,220,2025-11-16 16:49:00,EN_VUELO,
169,NH9049,2025-12-05,2025-12-05 19:00:00,2025-12-06 01:15:00,17,22,48,6,45,180,2025-12-05 18:05:00,EN_VUELO,
170,AA7379,2025-11-24,2025-11-24 20:45:00,2025-11-25 04:30:00,119,1,29,9,34,144,2025-11-24 19:59:00,PROGRAMADO,
171,TK9558,2025-11-19,2025-11-19 10:15:00,2025-11-19 13:30:00,44,13,28,11,10,150,2025-11-19 09:24:00,EN_VUELO,
172,TK9796,2025-11-25,2025-11-25 06:30:00,2025-11-25 18:45:00,44,13,,18,12,150,2025-11-25 05:50:00,ATERRIZADO,
173,FR5537,2025-11-25,2025-11-25 06:30:00,2025-11-25 13:00:00,81,38,11,38,46,132,2025-11-25 05:40:00,DEMORADO,Mantenimiento preventivo
174,SK9671,2025-11-19,2025-11-19 17:00:00,2025-11-20 00:30:00,28,47,19,28,20,180,2025-11-19 16:06:00,PROGRAMADO,
175,KL1471,2025-11-20,2025-11-20 08:00:00,2025-11-20 20:00:00,5,5,,6,19,240,2025-11-20 07:10:00,EN_VUELO,
176,NK9511,2025-11-16,2025-11-16 06:15:00,2025-11-16 16:45:00,6,42,6,12,45,150,2025-11-16 05:25:00,CANCELADO,Cancelado por condiciones meteorológicas adversas
177,F98359,2025-11-26,2025-11-26 21:15:00,2025-11-27 02:45:00,37,40,11,11,44,220,2025-11-26 20:28:00,PROGRAMADO,
178,ET528,2025-11-23,2025-11-23 22:30:00,2025-11-24 05:15:00,105,18,23,6,39,180,2025-11-23 21:44:00,DEMORADO,Retraso operacional
179,VA7569,2025-11-27,2025-11-27 19:00:00,2025-11-28 01:15:00,83,43,,30,20,186,2025-11-27 18:05:00,ATERRIZADO,
180,VS7530,2025-12-06,2025-12-06 18:30:00,2025-12-07 04:45:00,116,44,68,33,19,200,2025-12-06 17:31:00,ATERRIZADO,
181,LO3945,2025-11-21,2025-11-21 20:30:00,2025-11-21 23:45:00,50,48,33,1,42,162,2025-11-21 19:46:00,DEMORADO,Retraso operacional
182,QR8557,2025-11-19,2025-11-19 21:30:00,2025-11-20 00:15:00,25,14,,5,6,180,2025-11-19 20:34:00,PROGRAMADO,
183,DL4741,2025-11-18,2025-11-18 08:30:00,2025-11-18 16:00:00,48,2,52,14,46,200,2025-11-18 07:32:00,EN_VUELO,
184,NK3936,2025-11-15,2025-11-15 22:15:00,2025-11-16 03:30:00,36,42,61,19,3,144,2025-11-15 21:16:00,DEMORADO,Retraso operacional
185,JL1311,2025-12-05,2025-12-05 18:45:00,2025-12-06 05:00:00,95,21,7,5,29,162,2025-12-05 17:56:00,DEMORADO,Mantenimiento preventivo
186,SV5107,2025-12-03,2025-12-03 14:15:00,2025-12-03 22:30:00,99,17,2,37,45,132,2025-12-03 13:20:00,EN_VUELO,
187,LH5021,2025-12-05,2025-12-05 22:15:00,2025-12-06 05:30:00,32,6,,19,9,180,2025-12-05 21:22:00,EN_VUELO,
188,VY2078,2025-11-18,2025-11-18 22:30:00,2025-11-18 23:30:00,58,34,2,44,37,162,2025-11-18 21:33:00,PROGRAMADO,
189,AF1588,2025-11-16,2025-11-16 06:00:00,2025-11-16 13:00:00,111,4,73,45,10,150,2025-11-16 05:15:00,PROGRAMADO,
190,JL182,2025-12-05,2025-12-05 15:15:00,2025-12-05 20:00:00,87,21,,26,41,200,2025-12-05 14:30:00,PROGRAMADO,
191,OS2055,2025-12-01,2025-12-01 21:00:00,2025-12-01 23:15:00,108,12,11,39,19,132,2025-12-01 20:04:00,EN_VUELO,
192,VY2895,2025-11-28,2025-11-28 17:00:00,2025-11-28 20:30:00,58,34,34,4,13,162,2025-11-28 16:12:00,PROGRAMADO,
193,W61648,2025-11-17,2025-11-17 19:45:00,2025-11-17 22:30:00,94,36,,30,37,150,2025-11-17 18:55:00,EN_VUELO,
194,AM2341,2025-12-03,2025-12-03 16:15:00,2025-12-03 18:15:00,84,26,69,12,14,200,2025-12-03 15:21:00,EN_VUELO,
195,B6560,2025-11-21,2025-11-21 18:30:00,2025-11-21 22:00:00,85,39,,41,11,180,2025-11-21 17:45:00,EN_VUELO,
196,NK9752,2025-11-18,2025-11-18 10:45:00,2025-11-18 19:00:00,78,42,72,8,9,162,2025-11-18 09:53:00,ATERRIZADO,
197,LA8557,2025-11-19,2025-11-19 08:45:00,2025-11-19 13:45:00,39,27,79,27,19,200,2025-11-19 07:49:00,PROGRAMADO,
198,UA2490,2025-11-24,2025-11-24 12:15:00,2025-11-25 00:30:00,71,3,56,30,2,186,2025-11-24 11:28:00,DEMORADO,Retraso operacional
199,KE3401,2025-12-03,2025-12-03 11:30:00,2025-12-03 18:30:00,106,23,48,33,34,180,2025-12-03 10:40:00,PROGRAMADO,
200,LH9409,2025-11-24,2025-11-24 15:00:00,2025-11-24 22:45:00,56,6,,36,28,240,2025-11-24 14:03:00,ATERRIZADO,
201,H23866,2025-11-18,2025-11-18 22:45:00,2025-11-19 06:00:00,22,32,28,10,11,200,2025-11-18 21:53:00,EN_VUELO,
202,SN9203,2025-12-04,2025-12-04 08:45:00,2025-12-04 14:15:00,67,46,34,25,30,132,2025-12-04 08:00:00,PROGRAMADO,
203,BA9588,2025-11-23,2025-11-23 12:15:00,2025-11-23 23:45:00,24,9,64,15,4,144,2025-11-23 11:21:00,CANCELADO,Cancelado por condiciones meteorológicas adversas
204,OS7103,2025-11-19,2025-11-19 13:45:00,2025-11-19 17:00:00,64,12,,34,36,144,2025-11-19 12:54:00,EN_VUELO,
205,U21600,2025-11-23,2025-11-23 11:30:00,2025-11-23 16:30:00,29,37,51,27,3,132,2025-11-23 10:48:00,EN_VUELO,
206,QR144,2025-11-29,2025-11-29 16:45:00,2025-11-29 18:15:00,25,14,,42,20,180,2025-11-29 15:52:00,ATERRIZADO,
207,WS3349,2025-12-01,2025-12-01 11:15:00,2025-12-01 23:15:00,10,41,,7,5,220,2025-12-01 10:30:00,ATERRIZADO,
208,VY5470,2025-11-26,2025-11-26 15:15:00,2025-11-27 02:30:00,58,34,,7,11,162,2025-11-26 14:28:00,PROGRAMADO,
209,LX359,2025-11-26,2025-11-26 14:15:00,2025-11-26 19:30:00,40,11,22,36,23,200,2025-11-26 13:21:00,DEMORADO,Espera de conexiones
210,TP8215,2025-11-26,2025-11-26 08:15:00,2025-11-26 18:15:00,68,45,30,14,40,144,2025-11-26 07:22:00,EN_VUELO,
211,TK4478,2025-11-21,2025-11-21 22:30:00,2025-11-22 06:45:00,18,13,43,22,42,144,2025-11-21 21:49:00,PROGRAMADO,
212,W62288,2025-11-21,2025-11-21 17:15:00,2025-11-21 22:15:00,94,36,4,42,5,150,2025-11-21 16:35:00,EN_VUELO,
213,KE797,2025-11-28,2025-11-28 07:30:00,2025-11-28 13:00:00,19,23,53,8,45,162,2025-11-28 06:47:00,ATERRIZADO,
214,LX6448,2025-11-29,2025-11-29 19:45:00,2025-11-29 22:15:00,40,11,78,11,37,200,2025-11-29 18:50:00,PROGRAMADO,
215,OK7076,2025-11-15,2025-11-15 23:00:00,2025-11-16 00:15:00,31,49,72,25,42,144,2025-11-15 22:16:00,PROGRAMADO,
216,KL4173,2025-11-24,2025-11-24 06:00:00,2025-11-24 14:15:00,96,5,,17,22,150,2025-11-24 05:02:00,PROGRAMADO,
217,5Z8676,2025-11-23,2025-11-23 17:30:00,2025-11-24 00:45:00,31,33,,38,13,144,2025-11-23 16:30:00,DEMORADO,Mantenimiento preventivo
218,IB6679,2025-11-27,2025-11-27 06:30:00,2025-11-27 11:30:00,7,7,28,9,11,132,2025-11-27 05:50:00,PROGRAMADO,
219,CX4108,2025-12-02,2025-12-02 15:00:00,2025-12-03 01:45:00,41,24,38,5,10,162,2025-12-02 14:11:00,CANCELADO,Cancelado por mantenimiento no programado
220,TP2970,2025-11-17,2025-11-17 15:30:00,2025-11-17 21:00:00,55,45,,9,28,186,2025-11-17 14:47:00,PROGRAMADO,
221,FR4444,2025-11-17,2025-11-17 07:15:00,2025-11-17 11:15:00,81,38,71,28,45,132,2025-11-17 06:35:00,CANCELADO,Cancelado por razones operacionales
222,AM8191,2025-11-26,2025-11-26 22:15:00,2025-11-27 06:30:00,84,26,44,38,7,200,2025-11-26 21:25:00,ATERRIZADO,
223,JL3283,2025-11-28,2025-11-28 11:45:00,2025-11-28 15:30:00,43,21,54,23,29,150,2025-11-28 10:45:00,PROGRAMADO,
224,TP9959,2025-12-03,2025-12-03 11:15:00,2025-12-03 19:30:00,55,45,,41,30,186,2025-12-03 10:18:00,EN_VUELO,
225,KE8217,2025-12-05,2025-12-05 23:00:00,2025-12-06 00:00:00,106,23,64,38,26,180,2025-12-05 22:11:00,DEMORADO,Retraso por condiciones meteorológicas
226,BA3727,2025-12-01,2025-12-01 09:00:00,2025-12-01 16:45:00,114,9,38,7,15,144,2025-12-01 08:13:00,PROGRAMADO,
227,NZ5436,2025-11-30,2025-11-30 14:45:00,2025-12-01 03:00:00,104,20,,30,19,220,2025-11-30 13:45:00,PROGRAMADO,
228,AA1365,2025-11-25,2025-11-25 22:00:00,2025-11-26 06:45:00,52,1,,28,40,180,2025-11-25 21:02:00,PROGRAMADO,
229,AV2554,2025-11-25,2025-11-25 07:45:00,2025-11-25 17:30:00,117,28,22,6,1,180,2025-11-25 06:45:00,PROGRAMADO,
230,UA2407,2025-11-23,2025-11-23 20:15:00,2025-11-24 02:15:00,71,3,7,33,40,186,2025-11-23 19:17:00,EN_VUELO,
231,BA5393,2025-11-24,2025-11-24 15:30:00,2025-11-25 02:30:00,114,9,55,13,43,144,2025-11-24 14:41:00,PROGRAMADO,
232,SK9336,2025-11-21,2025-11-21 19:00:00,2025-11-22 02:45:00,89,47,,9,16,220,2025-11-21 18:09:00,PROGRAMADO,
233,OK2006,2025-12-04,2025-12-04 06:45:00,2025-12-04 11:00:00,42,49,,12,5,186,2025-12-04 05:52:00,PROGRAMADO,
234,F91329,2025-11-26,2025-11-26 07:15:00,2025-11-26 13:00:00,37,40,,40,30,220,2025-11-26 06:33:00,EN_VUELO,
235,H26394,2025-11-23,2025-11-23 15:30:00,2025-11-24 01:00:00,27,32,,16,25,162,2025-11-23 14:32:00,DEMORADO,Mantenimiento preventivo
236,G3183,2025-11-30,2025-11-30 11:30:00,2025-11-30 12:45:00,88,30,4,8,26,144,2025-11-30 10:31:00,PROGRAMADO,
237,QR5643,2025-11-22,2025-11-22 08:45:00,2025-11-22 21:00:00,25,14,21,4,3,180,2025-11-22 07:50:00,ATERRIZADO,
238,NH2006,2025-11-30,2025-11-30 09:00:00,2025-11-30 14:00:00,17,22,69,19,45,180,2025-11-30 08:06:00,PROGRAMADO,
239,KL3537,2025-11-21,2025-11-21 09:45:00,2025-11-21 16:45:00,5,5,57,40,21,240,2025-11-21 08:57:00,PROGRAMADO,
240,KE7021,2025-11-25,2025-11-25 15:30:00,2025-11-25 16:45:00,19,23,79,43,9,162,2025-11-25 14:42:00,ATERRIZADO,
241,AA6619,2025-11-27,2025-11-27 15:00:00,2025-11-27 21:45:00,52,1,,7,40,180,2025-11-27 14:05:00,DEMORADO,Espera de conexiones
242,F93530,2025-11-27,2025-11-27 16:15:00,2025-11-27 18:15:00,37,40,,3,6,220,2025-11-27 15:21:00,CANCELADO,Cancelado por razones operacionales
243,FR7814,2025-12-03,2025-12-03 19:15:00,2025-12-03 22:15:00,70,38,42,37,40,180,2025-12-03 18:17:00,PROGRAMADO,
244,KL5552,2025-12-04,2025-12-04 20:30:00,2025-12-05 02:15:00,96,5,,19,34,150,2025-12-04 19:41:00,DEMORADO,Retraso por condiciones meteorológicas
245,IB3628,2025-12-02,2025-12-02 15:15:00,2025-12-02 18:45:00,7,7,,28,35,132,2025-12-02 14:16:00,EN_VUELO,
246,BA6397,2025-11-15,2025-11-15 21:15:00,2025-11-16 00:15:00,114,9,,31,44,144,2025-11-15 20:29:00,PROGRAMADO,
247,UX946,2025-11-17,2025-11-17 17:30:00,2025-11-17 21:30:00,8,8,24,23,34,162,2025-11-17 16:42:00,PROGRAMADO,
248,F99963,2025-11-19,2025-11-19 06:00:00,2025-11-19 14:15:00,109,40,39,36,14,240,2025-11-19 05:03:00,PROGRAMADO,
249,KE1150,2025-11-15,2025-11-15 14:30:00,2025-11-16 02:30:00,106,23,65,10,34,180,2025-11-15 13:50:00,EN_VUELO,
250,AF4323,2025-11-15,2025-11-15 17:15:00,2025-11-16 03:30:00,72,4,,30,5,220,2025-11-15 16:16:00,EN_VUELO,
251,DY9703,2025-11-21,2025-11-21 23:45:00,2025-11-22 03:00:00,53,35,68,33,22,240,2025-11-21 22:48:00,EN_VUELO,
252,TK1750,2025-11-19,2025-11-19 08:45:00,2025-11-19 17:45:00,69,13,71,44,6,186,2025-11-19 07:57:00,EN_VUELO,
253,SQ4963,2025-12-03,2025-12-03 12:00:00,2025-12-03 20:00:00,92,25,60,45,29,180,2025-12-03 11:16:00,PROGRAMADO,
254,EK9320,2025-11-22,2025-11-22 21:00:00,2025-11-23 05:15:00,76,15,19,42,22,186,2025-11-22 20:18:00,PROGRAMADO,
255,G37470,2025-12-06,2025-12-06 12:00:00,2025-12-06 15:30:00,88,30,,6,37,144,2025-12-06 11:07:00,ATERRIZADO,
256,TK7474,2025-12-03,2025-12-03 06:45:00,2025-12-03 17:15:00,69,13,37,30,18,186,2025-12-03 05:49:00,PROGRAMADO,
257,WS6193,2025-11-18,2025-11-18 16:00:00,2025-11-19 01:45:00,10,41,46,2,36,220,2025-11-18 15:00:00,PROGRAMADO,
258,FR9892,2025-12-03,2025-12-03 16:15:00,2025-12-04 02:00:00,81,38,,20,5,132,2025-12-03 15:25:00,PROGRAMADO,
259,NK7625,2025-11-15,2025-11-15 10:00:00,2025-11-15 11:00:00,36,42,55,45,4,144,2025-11-15 09:20:00,DEMORADO,Retraso por condiciones meteorológicas
260,G33175,2025-11-18,2025-11-18 18:30:00,2025-11-18 22:15:00,88,30,,29,33,144,2025-11-18 17:47:00,DEMORADO,Retraso operacional
261,AR9663,2025-11-29,2025-11-29 11:15:00,2025-11-29 22:30:00,113,31,68,37,44,220,2025-11-29 10:22:00,CANCELADO,Cancelado por razones operacionales
262,AZ4875,2025-12-02,2025-12-02 22:30:00,2025-12-03 03:00:00,103,10,,30,25,200,2025-12-02 21:33:00,EN_VUELO,
263,SQ7186,2025-11-20,2025-11-20 12:30:00,2025-11-20 19:45:00,60,25,,29,41,220,2025-11-20 11:44:00,EN_VUELO,
264,NZ4239,2025-12-01,2025-12-01 10:00:00,2025-12-01 12:15:00,26,20,64,23,3,162,2025-12-01 09:17:00,PROGRAMADO,
265,EY2976,2025-11-20,2025-11-20 10:00:00,2025-11-20 15:00:00,66,16,,45,16,240,2025-11-20 09:07:00,DEMORADO,Mantenimiento preventivo
266,VY3487,2025-12-02,2025-12-02 22:30:00,2025-12-03 07:15:00,58,34,78,29,9,162,2025-12-02 21:36:00,PROGRAMADO,
267,CX4566,2025-11-22,2025-11-22 15:00:00,2025-11-22 23:45:00,51,24,12,13,42,200,2025-11-22 14:07:00,EN_VUELO,
268,NZ8470,2025-12-02,2025-12-02 16:45:00,2025-12-02 23:30:00,103,20,,46,3,200,2025-12-02 16:02:00,PROGRAMADO,
269,LX7704,2025-11-18,2025-11-18 07:45:00,2025-11-18 16:45:00,40,11,27,44,41,200,2025-11-18 06:46:00,ATERRIZADO,
270,F96592,2025-11-30,2025-11-30 19:15:00,2025-11-30 20:30:00,37,40,37,25,12,220,2025-11-30 18:31:00,PROGRAMADO,
271,VS6861,2025-11-22,2025-11-22 09:15:00,2025-11-22 15:00:00,46,44,7,17,12,144,2025-11-22 08:20:00,EN_VUELO,
272,5Z8534,2025-11-21,2025-11-21 17:15:00,2025-11-22 00:00:00,112,33,,41,38,240,2025-11-21 16:22:00,DEMORADO,Retraso por condiciones meteorológicas
273,TK6224,2025-11-25,2025-11-25 16:15:00,2025-11-25 23:15:00,18,13,72,5,41,144,2025-11-25 15:26:00,PROGRAMADO,
274,KE6722,2025-12-01,2025-12-01 14:30:00,2025-12-01 23:15:00,106,23,,29,24,180,2025-12-01 13:46:00,PROGRAMADO,
275,CX9727,2025-11-22,2025-11-22 14:45:00,2025-11-22 17:00:00,51,24,,37,43,200,2025-11-22 13:58:00,PROGRAMADO,
276,TK3712,2025-11-21,2025-11-21 16:00:00,2025-11-21 21:30:00,18,13,78,14,30,144,2025-11-21 15:19:00,PROGRAMADO,
277,SQ4980,2025-11-27,2025-11-27 19:15:00,2025-11-28 02:00:00,92,25,,31,7,180,2025-11-27 18:32:00,PROGRAMADO,
278,KL4112,2025-12-03,2025-12-03 06:45:00,2025-12-03 16:00:00,102,5,,35,2,186,2025-12-03 05:57:00,EN_VUELO,
279,TP1590,2025-11-22,2025-11-22 13:45:00,2025-11-23 02:30:00,63,45,,18,10,240,2025-11-22 12:54:00,EN_VUELO,
280,NZ8828,2025-11-18,2025-11-18 08:00:00,2025-11-18 14:30:00,103,20,78,21,45,200,2025-11-18 07:10:00,EN_VUELO,
281,NK6955,2025-11-18,2025-11-18 08:00:00,2025-11-18 20:30:00,36,42,27,37,28,144,2025-11-18 07:00:00,PROGRAMADO,
282,SN5102,2025-11-28,2025-11-28 18:15:00,2025-11-28 21:45:00,67,46,,27,23,132,2025-11-28 17:20:00,PROGRAMADO,
283,LH6870,2025-11-29,2025-11-29 17:15:00,2025-11-29 18:15:00,56,6,62,41,6,240,2025-11-29 16:25:00,DEMORADO,Espera de conexiones
284,CX1296,2025-11-24,2025-11-24 18:00:00,2025-11-24 23:15:00,41,24,50,30,23,162,2025-11-24 17:04:00,PROGRAMADO,
285,VY7999,2025-12-02,2025-12-02 12:45:00,2025-12-03 01:30:00,58,34,,23,36,162,2025-12-02 11:51:00,PROGRAMADO,
286,VY1755,2025-11-21,2025-11-21 21:30:00,2025-11-21 23:45:00,58,34,78,3,17,162,2025-11-21 20:31:00,EN_VUELO,
287,OS2053,2025-12-04,2025-12-04 21:15:00,2025-12-04 23:45:00,108,12,35,19,45,132,2025-12-04 20:31:00,PROGRAMADO,
288,AA5096,2025-11-24,2025-11-24 16:30:00,2025-11-24 23:30:00,20,1,34,19,40,180,2025-11-24 15:38:00,PROGRAMADO,
289,UX6327,2025-11-23,2025-11-23 08:00:00,2025-11-23 17:00:00,8,8,42,5,17,162,2025-11-23 07:17:00,PROGRAMADO,
290,F98250,2025-11-19,2025-11-19 13:30:00,2025-11-19 16:45:00,37,40,20,23,9,220,2025-11-19 12:41:00,EN_VUELO,
291,NH9253,2025-11-15,2025-11-15 09:45:00,2025-11-15 15:30:00,12,22,70,5,25,220,2025-11-15 09:05:00,DEMORADO,Retraso por condiciones meteorológicas
292,ET4453,2025-12-01,2025-12-01 12:00:00,2025-12-01 16:30:00,105,18,36,15,2,180,2025-12-01 11:01:00,DEMORADO,Retraso por condiciones meteorológicas
293,SV7320,2025-11-23,2025-11-23 12:45:00,2025-11-23 17:45:00,47,17,,25,27,144,2025-11-23 11:52:00,EN_VUELO,
294,CX8815,2025-11-22,2025-11-22 23:45:00,2025-11-23 00:45:00,41,24,11,15,3,162,2025-11-22 22:49:00,DEMORADO,Retraso por condiciones meteorológicas
295,ET9249,2025-11-19,2025-11-19 08:45:00,2025-11-19 21:15:00,105,18,72,43,34,180,2025-11-19 07:57:00,EN_VUELO,
296,VA5410,2025-11-16,2025-11-16 19:00:00,2025-11-17 02:30:00,11,43,50,21,24,186,2025-11-16 18:17:00,DEMORADO,Retraso operacional
297,B65740,2025-12-02,2025-12-02 20:45:00,2025-12-02 22:00:00,85,39,31,29,35,180,2025-12-02 19:55:00,PROGRAMADO,
298,AM8532,2025-11-30,2025-11-30 10:45:00,2025-11-30 14:00:00,84,26,60,13,24,200,2025-11-30 09:49:00,PROGRAMADO,
299,U24200,2025-12-02,2025-12-02 16:45:00,2025-12-03 04:00:00,100,37,57,10,39,200,2025-12-02 15:55:00,PROGRAMADO,
300,ET9300,2025-11-29,2025-11-29 16:45:00,2025-11-30 01:15:00,105,18,71,46,12,180,2025-11-29 15:53:00,PROGRAMADO,
